"1","1","nickname","admin"
"2","1","rich_editing","true"
"3","1","admin_color","ocean"
"4","1","hfst_capabilities","a:1:{s:10:""subscriber"";b:1;}"
"5","1","hfst_user_level","0"
"6","1","closedpostboxes_post","a:5:{i:0;s:13:""trackbacksdiv"";i:1;s:10:""postcustom"";i:2;s:16:""commentstatusdiv"";i:3;s:11:""passworddiv"";i:4;s:7:""slugdiv"";}"
"7","1","hfst_autosave_draft_ids","a:43:{i:-1222109345;i:319;i:-1222109435;i:321;i:-1222109497;i:323;i:-1222109540;i:325;i:-1222109697;i:327;i:-1222109753;i:329;i:-1222109810;i:331;i:-1222109890;i:333;i:-1222109927;i:335;i:-1222109968;i:337;i:-1222110250;i:339;i:-1222110322;i:341;i:-1222110381;i:343;i:-1222110420;i:345;i:-1222110455;i:347;i:-1222110500;i:349;i:-1222110539;i:351;i:-1222110580;i:353;i:-1222110619;i:355;i:-1222110665;i:357;i:-1222110706;i:359;i:-1222110747;i:361;i:-1222113035;i:363;i:-1222113077;i:365;i:-1222113120;i:367;i:-1222113205;i:369;i:-1222113241;i:371;i:-1222113286;i:373;i:-1222113481;i:375;i:-1222113562;i:377;i:-1222113635;i:379;i:-1222113682;i:381;i:-1222113736;i:383;i:-1222113786;i:385;i:-1222113835;i:387;i:-1222114077;i:388;i:-1222114148;i:390;i:-1222114193;i:392;i:-1222114235;i:394;i:-1222114304;i:396;i:-1222114677;i:398;i:-1222114716;i:400;i:-1222114751;i:402;}"
"8","2","nickname","Paul F. Gehl"
"9","2","rich_editing","true"
"10","2","admin_color","fresh"
"11","2","hfst_capabilities","a:1:{s:13:""administrator"";b:1;}"
"20","5","nickname","Paul Gehl"
"21","5","rich_editing","true"
"22","5","admin_color","fresh"
"23","5","hfst_capabilities","a:1:{s:10:""subscriber"";b:1;}"
"24","6","nickname","Laszlo"
"25","6","rich_editing","true"
"26","6","admin_color","fresh"
"27","6","hfst_capabilities","a:1:{s:10:""subscriber"";b:1;}"
"12","3","nickname","lagourmande"
"13","3","rich_editing","true"
"14","3","admin_color","fresh"
"15","3","hfst_capabilities","a:1:{s:10:""subscriber"";b:1;}"
"28","1","comment_shortcuts","false"
"29","7","nickname","chrysoloras"
"30","7","rich_editing","true"
"31","7","comment_shortcuts","false"
"32","7","admin_color","fresh"
"33","7","hfst_capabilities","a:1:{s:10:""subscriber"";b:1;}"
"34","8","nickname","Susan Barron"
"35","8","rich_editing","true"
"36","8","comment_shortcuts","false"
"37","8","admin_color","fresh"
"38","8","hfst_capabilities","a:1:{s:10:""subscriber"";b:1;}"
"39","9","nickname","argyropoulos"
"40","9","rich_editing","true"
"41","9","comment_shortcuts","false"
"42","9","admin_color","fresh"
"43","9","hfst_capabilities","a:1:{s:10:""subscriber"";b:1;}"
"44","9","first_name","David"
"45","9","last_name","Lines"
"46","9","description","In the Italian Dept., University of Warwick"
"47","10","nickname","dianarobin"
"48","10","rich_editing","true"
"49","10","comment_shortcuts","false"
"50","10","admin_color","fresh"
"51","10","hfst_capabilities","a:1:{s:10:""subscriber"";b:1;}"
"52","11","nickname","Matt Doherty"
"53","11","rich_editing","true"
"54","11","comment_shortcuts","false"
"55","11","admin_color","fresh"
"56","11","hfst_capabilities","a:1:{s:10:""subscriber"";b:1;}"
"57","11","closedpostboxes_dashboard","a:1:{i:0;s:0:"""";}"
"58","11","metaboxhidden_dashboard","a:1:{i:0;s:0:"""";}"
"59","12","nickname","kevin stevens"
"60","12","rich_editing","true"
"61","12","comment_shortcuts","false"
"62","12","admin_color","fresh"
"63","12","hfst_capabilities","a:1:{s:10:""subscriber"";b:1;}"
"64","13","nickname","pzelchenko"
"65","13","rich_editing","true"
"66","13","comment_shortcuts","false"
"67","13","admin_color","fresh"
"68","13","hfst_capabilities","a:1:{s:10:""subscriber"";b:1;}"
"69","10","closedpostboxes_dashboard","a:1:{i:0;s:25:""dashboard_recent_comments"";}"
"70","10","metaboxhidden_dashboard","a:1:{i:0;s:0:"""";}"
"71","1","hfst_usersettings","align=center&m0=c&m1=c&m2=c&m3=c&m4=c&m5=c&m6=c&m7=c&m8=c&editor=tinymce&uploader=1"
"72","1","hfst_usersettingstime","1277218579"
"73","14","nickname","zsschiff"
"74","14","rich_editing","true"
"75","14","comment_shortcuts","false"
"76","14","admin_color","fresh"
"77","14","hfst_capabilities","a:1:{s:10:""subscriber"";b:1;}"
"78","15","nickname","J.Masten"
"79","15","rich_editing","true"
"80","15","comment_shortcuts","false"
"81","15","admin_color","fresh"
"82","15","hfst_capabilities","a:1:{s:10:""subscriber"";b:1;}"
"83","16","nickname","AngelaNuovo"
"84","16","rich_editing","true"
"85","16","comment_shortcuts","false"
"86","16","admin_color","fresh"
"87","16","hfst_capabilities","a:1:{s:10:""subscriber"";b:1;}"
"88","17","nickname","Bibliologia"
"89","17","rich_editing","true"
"90","17","comment_shortcuts","false"
"91","17","admin_color","fresh"
"92","17","hfst_capabilities","a:1:{s:10:""subscriber"";b:1;}"
"93","18","nickname","Robert Williams"
"94","18","rich_editing","true"
"95","18","comment_shortcuts","false"
"96","18","admin_color","fresh"
"97","18","hfst_capabilities","a:1:{s:10:""subscriber"";b:1;}"
"98","19","nickname","John Vincler"
"99","19","rich_editing","true"
"100","19","comment_shortcuts","false"
"101","19","admin_color","fresh"
"102","19","hfst_capabilities","a:1:{s:10:""subscriber"";b:1;}"
"103","19","first_name","John"
"104","19","last_name","Vincler"
"105","20","nickname","sgaylard"
"106","20","rich_editing","true"
"107","20","comment_shortcuts","false"
"108","20","admin_color","fresh"
"109","20","hfst_capabilities","a:1:{s:10:""subscriber"";b:1;}"
"110","21","nickname","EWheatley"
"111","21","rich_editing","true"
"112","21","comment_shortcuts","false"
"113","21","admin_color","fresh"
"114","21","hfst_capabilities","a:1:{s:10:""subscriber"";b:1;}"
"115","22","nickname","MQuinlan"
"116","22","rich_editing","true"
"117","22","comment_shortcuts","false"
"118","22","admin_color","fresh"
"119","22","hfst_capabilities","a:1:{s:10:""subscriber"";b:1;}"
"120","23","nickname","Ray Clemens"
"121","23","rich_editing","true"
"122","23","comment_shortcuts","false"
"123","23","admin_color","fresh"
"124","23","hfst_capabilities","a:1:{s:10:""subscriber"";b:1;}"
"125","5","comment_shortcuts","false"
"126","5","hfst_user_level","0"
"127","24","nickname","Chris Warner"
"128","24","rich_editing","true"
"129","24","comment_shortcuts","false"
"130","24","admin_color","fresh"
"131","24","hfst_capabilities","a:1:{s:10:""subscriber"";b:1;}"
"163","30","hfst_capabilities","a:1:{s:10:""subscriber"";b:1;}"
"162","30","admin_color","fresh"
"153","18","metaboxhidden_dashboard","a:1:{i:0;s:0:"""";}"
"161","30","comment_shortcuts","false"
"152","18","closedpostboxes_dashboard","a:1:{i:0;s:24:""dashboard_incoming_links"";}"
"160","30","rich_editing","true"
"159","30","nickname","Hannah_Zdansky"
"197","35","hfst_capabilities","a:1:{s:10:""subscriber"";b:1;}"
"182","21","last_name","Wheatley"
"181","21","first_name","Edward"
"180","10","last_name","Robin"
"179","10","first_name","Diana"
"175","16","last_name","Nuovo"
"174","16","first_name","Angela"
"196","35","admin_color","fresh"
"195","35","comment_shortcuts","false"
"193","35","nickname","Dan Sheerin"
"194","35","rich_editing","true"
"232","42","hfst_capabilities","a:1:{s:10:""subscriber"";b:1;}"
"231","42","admin_color","fresh"
"230","42","comment_shortcuts","false"
"229","42","rich_editing","true"
"228","42","nickname","Richard Wistreich"
"292","54","hfst_capabilities","a:1:{s:10:""subscriber"";b:1;}"
"291","54","admin_color","fresh"
"290","54","comment_shortcuts","false"
"288","54","nickname","eardissi"
"289","54","rich_editing","true"
"432","82","hfst_capabilities","a:1:{s:10:""subscriber"";b:1;}"
"428","82","nickname","Richard Mallette"
"429","82","rich_editing","true"
"430","82","comment_shortcuts","false"
"431","82","admin_color","fresh"
"1493","1","hfst_dashboard_quick_press_last_post_id","1471"
"1494","2","hfst_dashboard_quick_press_last_post_id","1472"
"23574","1772","hfst_user_level","0"
"491","1","screen_layout_dashboard","2"
"533","101","hfst_capabilities","a:1:{s:10:""subscriber"";b:1;}"
"532","101","admin_color","fresh"
"529","101","nickname","cessolis"
"530","101","rich_editing","true"
"531","101","comment_shortcuts","false"
"534","2","comment_shortcuts","false"
"535","2","hfst_user_level","10"
"575","109","hfst_capabilities","a:1:{s:10:""subscriber"";b:1;}"
"573","109","comment_shortcuts","false"
"574","109","admin_color","fresh"
"572","109","rich_editing","true"
"571","109","nickname","Eric M. Sacco"
"576","110","nickname","Lauren Madak"
"577","110","rich_editing","true"
"578","110","comment_shortcuts","false"
"579","110","admin_color","fresh"
"580","110","hfst_capabilities","a:1:{s:10:""subscriber"";b:1;}"
"598","114","nickname","mikegoddard"
"599","114","rich_editing","true"
"600","114","comment_shortcuts","false"
"601","114","admin_color","fresh"
"602","114","hfst_capabilities","a:1:{s:10:""subscriber"";b:1;}"
"603","115","nickname","Maureen Maselko"
"604","115","rich_editing","true"
"605","115","comment_shortcuts","false"
"606","115","admin_color","fresh"
"607","115","hfst_capabilities","a:1:{s:10:""subscriber"";b:1;}"
"608","115","first_name","Maureen"
"609","115","last_name","Maselko"
"74113","5864","first_name","Lauren"
"74114","5864","last_name","Ainsworth"
"73924","5850","use_ssl","0"
"73925","5850","show_admin_bar_front","true"
"73923","5850","admin_color","coffee"
"626","118","hfst_capabilities","a:1:{s:10:""subscriber"";b:1;}"
"625","118","admin_color","fresh"
"624","118","comment_shortcuts","false"
"623","118","rich_editing","true"
"622","118","nickname","sarah"
"627","119","nickname","ChristinaL"
"628","119","rich_editing","true"
"629","119","comment_shortcuts","false"
"630","119","admin_color","fresh"
"631","119","hfst_capabilities","a:1:{s:10:""subscriber"";b:1;}"
"632","110","first_name","Lauren"
"633","110","last_name","Madak"
"634","110","description","Graduate student in the Department of History at the University of Connecticut."
"644","121","hfst_capabilities","a:1:{s:10:""subscriber"";b:1;}"
"643","121","admin_color","fresh"
"642","121","comment_shortcuts","false"
"641","121","rich_editing","true"
"640","121","nickname","Ken Gouwens"
"645","122","nickname","William Pettas"
"646","122","rich_editing","true"
"647","122","comment_shortcuts","false"
"648","122","admin_color","fresh"
"649","122","hfst_capabilities","a:1:{s:10:""subscriber"";b:1;}"
"650","122","first_name","William"
"651","122","last_name","Pettas"
"661","124","hfst_capabilities","a:1:{s:10:""subscriber"";b:1;}"
"660","124","admin_color","fresh"
"659","124","comment_shortcuts","false"
"658","124","rich_editing","true"
"657","124","nickname","Jane"
"662","124","first_name","Jane"
"663","124","last_name","Wickersham"
"664","124","description","Assistant Professor"
University of Oklahoma"
"823","155","hfst_capabilities","a:1:{s:10:""subscriber"";b:1;}"
"822","155","admin_color","fresh"
"821","155","comment_shortcuts","false"
"773","145","last_name","Radke"
"772","145","first_name","Heather"
"706","2","hfst_usersettingstime","1274699979"
"705","2","hfst_usersettings","m0=c&m1=c&m2=c&m3=c&m4=c&m5=c&m6=o&m7=c&m8=c"
"771","145","hfst_capabilities","a:1:{s:10:""subscriber"";b:1;}"
"770","145","admin_color","fresh"
"769","145","comment_shortcuts","false"
"768","145","rich_editing","true"
"767","145","nickname","radkeh"
"820","155","rich_editing","true"
"819","155","nickname","sarah davies"
"824","155","default_password_nag","1"
"1332","257","description","I research on Medieval and Renaissance Italian Literature, particularly Petrarch's views on monasticism and church reform."
"1331","257","hfst_capabilities","a:1:{s:10:""subscriber"";b:1;}"
"1327","257","nickname","dyocum"
"1328","257","rich_editing","true"
"1329","257","comment_shortcuts","false"
"1330","257","admin_color","fresh"
"25897","1918","last_name","Katsenes"
"25895","1917","default_password_nag","1"
"25924","1919","jabber",""
"25925","1919","hfst_capabilities","a:1:{s:10:""subscriber"";s:1:""1"";}"
"25926","1919","hfst_user_level","0"
"25880","1917","first_name",""
"1474","286","rich_editing","true"
"1475","286","comment_shortcuts","false"
"1476","286","admin_color","fresh"
"1477","286","hfst_capabilities","a:1:{s:10:""subscriber"";b:1;}"
"1510","1","hfst_user-settings-time","1282242928"
"1509","1","hfst_user-settings","align=center&m0=c&m1=c&m2=c&m3=c&m4=c&m5=c&m6=c&m7=c&m8=c&editor=tinymce&uploader=1"
"1473","286","nickname","Jan Bloemendal"
"23573","1772","hfst_capabilities","a:1:{s:10:""subscriber"";s:1:""1"";}"
"23572","1772","jabber",""
"23571","1772","yim",""
"23570","1772","aim",""
"23511","1768","default_password_nag","1"
"23509","1768","hfst_capabilities","a:1:{s:10:""subscriber"";s:1:""1"";}"
"23510","1768","hfst_user_level","0"
"22950","1733","hfst_user_level","0"
"1778","1","metaboxhidden_dashboard","a:3:{i:0;s:21:""dashboard_browser_nag"";i:1;s:23:""dashboard_recent_drafts"";i:2;s:17:""dashboard_primary"";}"
"1777","1","closedpostboxes_dashboard","a:0:{}"
"23508","1768","jabber",""
"23507","1768","yim",""
"23506","1768","aim",""
"23504","1768","show_admin_bar_front","true"
"23503","1768","use_ssl","0"
"23502","1768","admin_color","fresh"
"23500","1768","rich_editing","true"
"2981","395","hfst_user_level","0"
"2982","395","default_password_nag","1"
"2979","395","jabber",""
"2980","395","hfst_capabilities","a:1:{s:10:""subscriber"";s:1:""1"";}"
"2978","395","yim",""
"2977","395","aim",""
"2976","395","use_ssl","0"
"2975","395","admin_color","fresh"
"2974","395","comment_shortcuts","false"
"2973","395","rich_editing","true"
"2972","395","description",""
"2971","395","nickname","Theo A Janssen"
"2970","395","last_name",""
"2969","395","first_name",""
"23568","1772","show_admin_bar_front","true"
"23567","1772","use_ssl","0"
"23565","1772","comment_shortcuts","false"
"23566","1772","admin_color","fresh"
"23564","1772","rich_editing","true"
"23563","1772","description",""
"21492","1642","jabber",""
"21490","1642","aim",""
"21491","1642","yim",""
"21488","1642","show_admin_bar_front","true"
"21487","1642","use_ssl","0"
"21486","1642","admin_color","fresh"
"21485","1642","comment_shortcuts","false"
"21484","1642","rich_editing","true"
"21483","1642","description","Assistant Professor of German, University of Missouri, Columbia"
"21482","1642","nickname","Sean Franzel"
"21481","1642","last_name","Franzel"
"21480","1642","first_name","Sean"
"22804","1724","jabber",""
"22805","1724","hfst_capabilities","a:1:{s:10:""subscriber"";s:1:""1"";}"
"22802","1724","aim",""
"22803","1724","yim",""
"22800","1724","show_admin_bar_front","true"
"22799","1724","use_ssl","0"
"22798","1724","admin_color","fresh"
"22796","1724","rich_editing","true"
"22797","1724","comment_shortcuts","false"
"22793","1724","last_name",""
"22794","1724","nickname","Janice Gunther"
"22795","1724","description",""
"22792","1724","first_name",""
"22775","1722","default_password_nag","1"
"22774","1722","hfst_user_level","0"
"22773","1722","hfst_capabilities","a:1:{s:10:""subscriber"";s:1:""1"";}"
"22772","1722","jabber",""
"22771","1722","yim",""
"22770","1722","aim",""
"22768","1722","show_admin_bar_front","true"
"22767","1722","use_ssl","0"
"22766","1722","admin_color","classic"
"22764","1722","rich_editing","true"
"22765","1722","comment_shortcuts","false"
"22763","1722","description",""
"22791","1723","default_password_nag","1"
"22760","1722","first_name",""
"22761","1722","last_name",""
"22762","1722","nickname","jstrom"
"22790","1723","hfst_user_level","0"
"22789","1723","hfst_capabilities","a:1:{s:10:""subscriber"";s:1:""1"";}"
"22788","1723","jabber",""
"22787","1723","yim",""
"22786","1723","aim",""
"22784","1723","show_admin_bar_front","true"
"22782","1723","admin_color","fresh"
"22783","1723","use_ssl","0"
"22781","1723","comment_shortcuts","false"
"22780","1723","rich_editing","true"
"22779","1723","description",""
"22778","1723","nickname","eddie.guimont"
"22777","1723","last_name",""
"22776","1723","first_name",""
"13524","1144","hfst_user_level","0"
"13523","1144","hfst_capabilities","a:1:{s:10:""subscriber"";s:1:""1"";}"
"13522","1144","jabber",""
"13521","1144","yim",""
"13520","1144","aim",""
"13518","1144","show_admin_bar_front","true"
"13517","1144","use_ssl","0"
"13516","1144","admin_color","classic"
"13515","1144","comment_shortcuts","false"
"13514","1144","rich_editing","true"
"13513","1144","description",""
"13512","1144","nickname","Myddvai"
"13510","1144","first_name",""
"13511","1144","last_name",""
"12513","1076","hfst_user_level","0"
"12512","1076","hfst_capabilities","a:1:{s:10:""subscriber"";s:1:""1"";}"
"12510","1076","yim",""
"12511","1076","jabber",""
"12509","1076","aim",""
"12508","1076","use_ssl","0"
"12507","1076","admin_color","fresh"
"12506","1076","comment_shortcuts","false"
"12505","1076","rich_editing","true"
"12504","1076","description",""
"12503","1076","nickname","yossimaurey"
"12502","1076","last_name","Maurey"
"12501","1076","first_name","Yossi"
"73907","5849","default_password_nag",""
"23274","1754","nickname","JLessard"
"23272","1754","first_name","Jessica"
"23273","1754","last_name","Lessard"
"23560","1772","first_name",""
"23557","1771","hfst_capabilities","a:1:{s:10:""subscriber"";s:1:""1"";}"
"14295","2","hfst_user-settings-time","1300383650"
"14294","2","hfst_user-settings","m0=c&m1=c&m2=c&m3=c&m4=c&m5=c&m6=o&m7=o&m8=c"
"11100","5","hfst_user-settings-time","1413716980"
"11099","5","hfst_dashboard_quick_press_last_post_id","1470"
"23558","1771","hfst_user_level","0"
"22949","1733","hfst_capabilities","a:1:{s:10:""subscriber"";s:1:""1"";}"
"22948","1733","jabber",""
"22947","1733","yim",""
"22946","1733","aim",""
"22944","1733","show_admin_bar_front","true"
"22943","1733","use_ssl","0"
"22942","1733","admin_color","fresh"
"22941","1733","comment_shortcuts","false"
"22940","1733","rich_editing","true"
"22938","1733","nickname","howardsend"
"22939","1733","description",""
"22937","1733","last_name","Wiedenheft"
"23501","1768","comment_shortcuts","false"
"22936","1733","first_name","Elizabeth"
"23556","1771","jabber",""
"23555","1771","yim",""
"23554","1771","aim",""
"23551","1771","use_ssl","0"
"23552","1771","show_admin_bar_front","true"
"23550","1771","admin_color","classic"
"23549","1771","comment_shortcuts","false"
"13141","1","users_per_page","112"
"22807","1724","default_password_nag","1"
"22806","1724","hfst_user_level","0"
"21494","1642","hfst_user_level","0"
"21493","1642","hfst_capabilities","a:1:{s:10:""subscriber"";s:1:""1"";}"
"23561","1772","last_name",""
"23286","1754","hfst_user_level","0"
"23562","1772","nickname","GlaydsKimber"
"23285","1754","hfst_capabilities","a:1:{s:10:""subscriber"";s:1:""1"";}"
"23284","1754","jabber",""
"23283","1754","yim",""
"26836","1977","hfst_user_level","0"
"23282","1754","aim",""
"23280","1754","show_admin_bar_front","true"
"26837","1977","default_password_nag","1"
"23279","1754","use_ssl","0"
"23278","1754","admin_color","fresh"
"23275","1754","description",""
"23276","1754","rich_editing","true"
"23277","1754","comment_shortcuts","false"
"23499","1768","description",""
"23498","1768","nickname","Abby Jordan"
"23497","1768","last_name",""
"23496","1768","first_name",""
"23547","1771","description",""
"23548","1771","rich_editing","true"
"23545","1771","last_name","Brudevold"
"23546","1771","nickname","siribeckett"
"23544","1771","first_name","Siri"
"25894","1917","hfst_user_level","0"
"25881","1917","last_name",""
"25927","1919","default_password_nag","1"
"25923","1919","yim",""
"25922","1919","aim",""
"23575","1772","default_password_nag","1"
"29154","2167","yim",""
"26895","1980","yim",""
"26896","1980","jabber",""
"26894","1980","aim",""
"23718","1781","hfst_user_level","0"
"23719","1781","default_password_nag","1"
"23717","1781","hfst_capabilities","a:1:{s:10:""subscriber"";s:1:""1"";}"
"23716","1781","jabber",""
"23714","1781","aim",""
"23715","1781","yim",""
"26834","1977","show_admin_bar_front","true"
"26835","1977","hfst_capabilities","a:1:{s:10:""subscriber"";s:1:""1"";}"
"23712","1781","show_admin_bar_front","true"
"23711","1781","use_ssl","0"
"23710","1781","admin_color","fresh"
"23709","1781","comment_shortcuts","false"
"23708","1781","rich_editing","true"
"23707","1781","description",""
"23704","1781","first_name","Indra"
"23705","1781","last_name","Djojohadikusumo"
"23706","1781","nickname","indradjojo"
"29153","2167","aim",""
"23736","1783","first_name",""
"23737","1783","last_name",""
"23738","1783","nickname","Alexandra"
"23739","1783","description",""
"23740","1783","rich_editing","true"
"23741","1783","comment_shortcuts","false"
"23742","1783","admin_color","fresh"
"23743","1783","use_ssl","0"
"23744","1783","show_admin_bar_front","true"
"23746","1783","aim",""
"23747","1783","yim",""
"23748","1783","jabber",""
"23749","1783","hfst_capabilities","a:1:{s:10:""subscriber"";s:1:""1"";}"
"23750","1783","hfst_user_level","0"
"26892","1980","hfst_user_level","0"
"26883","1980","last_name","Dengo"
"26884","1980","nickname","Monica Dengo"
"26885","1980","description","Teacher, calligrapher. I live in Italy."
"26886","1980","rich_editing","true"
"26887","1980","comment_shortcuts","false"
"26888","1980","admin_color","fresh"
"26889","1980","use_ssl","0"
"26890","1980","show_admin_bar_front","true"
"26891","1980","hfst_capabilities","a:1:{s:10:""subscriber"";s:1:""1"";}"
"23768","1785","first_name",""
"23769","1785","last_name",""
"23770","1785","nickname","milestbird"
"23771","1785","description",""
"23772","1785","rich_editing","true"
"23773","1785","comment_shortcuts","false"
"23774","1785","admin_color","fresh"
"23775","1785","use_ssl","0"
"23776","1785","show_admin_bar_front","true"
"26833","1977","use_ssl","0"
"23778","1785","aim",""
"23779","1785","yim",""
"23780","1785","jabber",""
"23781","1785","hfst_capabilities","a:1:{s:10:""subscriber"";s:1:""1"";}"
"23782","1785","hfst_user_level","0"
"23784","1786","first_name",""
"23785","1786","last_name",""
"23786","1786","nickname","liam db"
"23787","1786","description",""
"23788","1786","rich_editing","true"
"23789","1786","comment_shortcuts","false"
"23790","1786","admin_color","fresh"
"23791","1786","use_ssl","0"
"23792","1786","show_admin_bar_front","true"
"26832","1977","admin_color","fresh"
"23794","1786","aim",""
"23795","1786","yim",""
"23796","1786","jabber",""
"23797","1786","hfst_capabilities","a:1:{s:10:""subscriber"";s:1:""1"";}"
"23798","1786","hfst_user_level","0"
"23799","1786","default_password_nag","1"
"23800","1787","first_name",""
"23801","1787","last_name",""
"23802","1787","nickname","tadair"
"23803","1787","description",""
"23804","1787","rich_editing","true"
"23805","1787","comment_shortcuts","false"
"23806","1787","admin_color","fresh"
"23807","1787","use_ssl","0"
"23808","1787","show_admin_bar_front","true"
"26831","1977","comment_shortcuts","false"
"23810","1787","aim",""
"23811","1787","yim",""
"23812","1787","jabber",""
"23813","1787","hfst_capabilities","a:1:{s:10:""subscriber"";s:1:""1"";}"
"23814","1787","hfst_user_level","0"
"23815","1787","default_password_nag","1"
"23816","1788","first_name",""
"23817","1788","last_name",""
"23818","1788","nickname","tessa"
"23819","1788","description",""
"23820","1788","rich_editing","true"
"23821","1788","comment_shortcuts","false"
"23822","1788","admin_color","classic"
"23823","1788","use_ssl","0"
"23824","1788","show_admin_bar_front","true"
"26830","1977","rich_editing","true"
"23826","1788","aim",""
"23827","1788","yim",""
"23828","1788","jabber",""
"23829","1788","hfst_capabilities","a:1:{s:10:""subscriber"";s:1:""1"";}"
"23830","1788","hfst_user_level","0"
"23831","1788","default_password_nag","1"
"26882","1980","first_name","Monica"
"26881","8","jabber",""
"26880","8","yim",""
"26878","8","show_admin_bar_front","true"
"26879","8","aim",""
"26877","8","use_ssl","0"
"26876","8","description",""
"26874","8","first_name",""
"26875","8","last_name",""
"26864","1979","jabber",""
"26865","5","first_name",""
"26862","1979","aim",""
"26860","1979","hfst_user_level","0"
"26859","1979","hfst_capabilities","a:1:{s:10:""subscriber"";s:1:""1"";}"
"26041","1926","default_password_nag","1"
"26040","1926","hfst_user_level","0"
"26039","1926","hfst_capabilities","a:1:{s:10:""subscriber"";s:1:""1"";}"
"26038","1926","jabber",""
"26037","1926","yim",""
"26036","1926","aim",""
"26829","1977","description",""
"26828","1977","nickname","Nora Jimenez"
"26034","1926","show_admin_bar_front","true"
"26032","1926","admin_color","fresh"
"26033","1926","use_ssl","0"
"26029","1926","description",""
"26030","1926","rich_editing","true"
"26031","1926","comment_shortcuts","false"
"26026","1926","first_name",""
"25899","1918","description",""
"25900","1918","rich_editing","true"
"25901","1918","comment_shortcuts","false"
"25902","1918","admin_color","fresh"
"25903","1918","use_ssl","0"
"25904","1918","show_admin_bar_front","true"
"26827","1977","last_name",""
"25906","1918","aim",""
"25907","1918","yim",""
"25908","1918","jabber",""
"25909","1918","hfst_capabilities","a:1:{s:10:""subscriber"";s:1:""1"";}"
"25910","1918","hfst_user_level","0"
"25911","1918","default_password_nag","1"
"25928","1920","first_name","Nicholas"
"25929","1920","last_name","Totten"
"25930","1920","nickname","nicholastotten"
"25931","1920","description","I'm a German MA student at the University of Missouri - Columbia"
"25932","1920","rich_editing","true"
"25933","1920","comment_shortcuts","false"
"25934","1920","admin_color","fresh"
"25935","1920","use_ssl","0"
"25936","1920","show_admin_bar_front","true"
"26826","1977","first_name",""
"25938","1920","aim",""
"25939","1920","yim",""
"25940","1920","jabber",""
"25941","1920","hfst_capabilities","a:1:{s:10:""subscriber"";s:1:""1"";}"
"25942","1920","hfst_user_level","0"
"25944","1921","first_name","Ky"
"25945","1921","last_name","Kessler"
"25946","1921","nickname","kkessler"
"25947","1921","description",""
"25948","1921","rich_editing","true"
"25949","1921","comment_shortcuts","false"
"25950","1921","admin_color","fresh"
"25951","1921","use_ssl","0"
"25952","1921","show_admin_bar_front","true"
"25954","1921","aim",""
"25955","1921","yim",""
"25956","1921","jabber",""
"25957","1921","hfst_capabilities","a:1:{s:10:""subscriber"";s:1:""1"";}"
"25958","1921","hfst_user_level","0"
"25960","1921","hfst_user-settings","mfold=f"
"25961","1921","hfst_user-settings-time","1322453221"
"25962","1922","first_name",""
"25963","1922","last_name",""
"25964","1922","nickname","Hela"
"25965","1922","description",""
"25966","1922","rich_editing","true"
"25967","1922","comment_shortcuts","false"
"25968","1922","admin_color","classic"
"25969","1922","use_ssl","0"
"25970","1922","show_admin_bar_front","true"
"25972","1922","aim",""
"25973","1922","yim",""
"25974","1922","jabber",""
"25975","1922","hfst_capabilities","a:1:{s:10:""subscriber"";s:1:""1"";}"
"25976","1922","hfst_user_level","0"
"25977","1922","default_password_nag","1"
"26025","1925","default_password_nag","1"
"25898","1918","nickname","hkatsenes"
"25893","1917","hfst_capabilities","a:1:{s:10:""subscriber"";s:1:""1"";}"
"25890","1917","aim",""
"25891","1917","yim",""
"25892","1917","jabber",""
"26762","5","metaboxhidden_dashboard","a:0:{}"
"25888","1917","show_admin_bar_front","true"
"25886","1917","admin_color","fresh"
"25887","1917","use_ssl","0"
"25885","1917","comment_shortcuts","false"
"25882","1917","nickname","Chen Chen"
"24920","1857","first_name","Ray"
"24921","1857","last_name","Girvan"
"24922","1857","nickname","raygirvan"
"24923","1857","description",""
"24924","1857","rich_editing","true"
"24925","1857","comment_shortcuts","false"
"24926","1857","admin_color","fresh"
"24927","1857","use_ssl","0"
"24928","1857","show_admin_bar_front","true"
"24930","1857","aim",""
"24931","1857","yim",""
"24932","1857","jabber",""
"24933","1857","hfst_capabilities","a:1:{s:10:""subscriber"";s:1:""1"";}"
"24934","1857","hfst_user_level","0"
"24935","1857","default_password_nag","1"
"26863","1979","yim",""
"26858","1979","show_admin_bar_front","true"
"26857","1979","use_ssl","0"
"26855","1979","comment_shortcuts","false"
"26856","1979","admin_color","fresh"
"26854","1979","rich_editing","true"
"26853","1979","description",""
"26852","1979","nickname","JPL"
"26851","1979","last_name","Patino Loira"
"26850","1979","first_name","Javier"
"26028","1926","nickname","annirdmn"
"26027","1926","last_name",""
"26024","1925","hfst_user_level","0"
"26021","1925","yim",""
"26022","1925","jabber",""
"26023","1925","hfst_capabilities","a:1:{s:10:""subscriber"";s:1:""1"";}"
"26020","1925","aim",""
"26761","5","closedpostboxes_dashboard","a:1:{i:0;s:17:""dashboard_primary"";}"
"26018","1925","show_admin_bar_front","true"
"26017","1925","use_ssl","0"
"26016","1925","admin_color","fresh"
"26015","1925","comment_shortcuts","false"
"26011","1925","last_name",""
"26012","1925","nickname","Chen JS"
"26014","1925","rich_editing","true"
"26013","1925","description",""
"26010","1925","first_name",""
"25896","1918","first_name","Hana"
"25884","1917","rich_editing","true"
"25883","1917","description",""
"25919","1919","use_ssl","0"
"25920","1919","show_admin_bar_front","true"
"25918","1919","admin_color","fresh"
"25917","1919","comment_shortcuts","false"
"25916","1919","rich_editing","true"
"25915","1919","description",""
"25800","1912","first_name","Greta"
"25801","1912","last_name","Westerwald"
"25802","1912","nickname","glwp67"
"25803","1912","description",""
"25804","1912","rich_editing","true"
"25805","1912","comment_shortcuts","false"
"25806","1912","admin_color","classic"
"25807","1912","use_ssl","0"
"25808","1912","show_admin_bar_front","true"
"26748","5","dismissed_wp_pointers","wp330_toolbar,wp330_media_uploader,wp350_media,wp360_revisions,wp410_dfw,bws_shortcode_button_tooltip,wp496_privacy"
"25810","1912","aim",""
"25811","1912","yim",""
"25812","1912","jabber",""
"25813","1912","hfst_capabilities","a:1:{s:10:""subscriber"";s:1:""1"";}"
"25814","1912","hfst_user_level","0"
"25816","1913","first_name",""
"25817","1913","last_name",""
"25818","1913","nickname","Lauren Bartshe"
"25819","1913","description",""
"25820","1913","rich_editing","true"
"25821","1913","comment_shortcuts","false"
"25822","1913","admin_color","fresh"
"25823","1913","use_ssl","0"
"25824","1913","show_admin_bar_front","true"
"26747","2","dismissed_wp_pointers","wp330_toolbar,wp330_media_uploader,wp350_media,wp410_dfw,bws_shortcode_button_tooltip,wp496_privacy"
"25826","1913","aim",""
"25827","1913","yim",""
"25828","1913","jabber",""
"25829","1913","hfst_capabilities","a:1:{s:10:""subscriber"";s:1:""1"";}"
"25830","1913","hfst_user_level","0"
"25831","1913","default_password_nag","1"
"25914","1919","nickname","Nicholas Totten"
"25913","1919","last_name",""
"25912","1919","first_name",""
"26873","5","users_per_page","100"
"26872","5","jabber",""
"26871","5","yim",""
"26870","5","aim",""
"26869","5","show_admin_bar_front","true"
"26868","5","use_ssl","0"
"26866","5","last_name",""
"26867","5","description",""
"29152","2167","default_password_nag","1"
"74096","5862","default_password_nag",""
"26746","1","dismissed_wp_pointers","wp330_toolbar,wp360_revisions,wp350_media,bws_shortcode_button_tooltip"
"74095","5862","hfst_user_level","0"
"74094","5862","hfst_capabilities","a:1:{s:10:""subscriber"";b:1;}"
"74093","5862","show_admin_bar_front","true"
"74092","5862","use_ssl","0"
"74091","5862","admin_color","fresh"
"29151","2167","hfst_user_level","0"
"29149","2167","show_admin_bar_front","true"
"29150","2167","hfst_capabilities","a:1:{s:10:""subscriber"";b:1;}"
"29148","2167","use_ssl","0"
"29147","2167","admin_color","fresh"
"29146","2167","comment_shortcuts","false"
"29145","2167","rich_editing","true"
"29144","2167","description",""
"29142","2167","last_name",""
"29143","2167","nickname","Mary9010"
"29140","2165","jabber",""
"29141","2167","first_name",""
"29139","2165","yim",""
"29138","2165","aim",""
"29137","2166","default_password_nag","1"
"29136","2166","hfst_user_level","0"
"29135","2166","hfst_capabilities","a:1:{s:10:""subscriber"";b:1;}"
"29134","2166","show_admin_bar_front","true"
"29133","2166","use_ssl","0"
"29131","2166","comment_shortcuts","false"
"29132","2166","admin_color","fresh"
"29129","2166","description",""
"29130","2166","rich_editing","true"
"29127","2166","last_name",""
"29128","2166","nickname","Courtney K."
"29126","2166","first_name",""
"29125","2165","default_password_nag","1"
"29124","2165","hfst_user_level","0"
"29123","2165","hfst_capabilities","a:1:{s:10:""subscriber"";b:1;}"
"29122","2165","show_admin_bar_front","true"
"29111","2164","aim",""
"29112","2164","yim",""
"29113","2164","jabber",""
"29107","2164","show_admin_bar_front","true"
"29108","2164","hfst_capabilities","a:1:{s:10:""subscriber"";b:1;}"
"29109","2164","hfst_user_level","0"
"29114","2165","first_name",""
"29115","2165","last_name",""
"29116","2165","nickname","katiegirvan"
"29117","2165","description",""
"29118","2165","rich_editing","true"
"29119","2165","comment_shortcuts","false"
"29120","2165","admin_color","fresh"
"29121","2165","use_ssl","0"
"29106","2164","use_ssl","0"
"29105","2164","admin_color","fresh"
"29102","2164","description",""
"29103","2164","rich_editing","true"
"29104","2164","comment_shortcuts","false"
"29101","2164","nickname","Esme"
"29100","2164","last_name","Faneuff"
"29098","2163","jabber",""
"29097","2163","yim",""
"29096","2163","aim",""
"29099","2164","first_name","Esme"
"29094","2163","hfst_user_level","0"
"29093","2163","hfst_capabilities","a:1:{s:10:""subscriber"";b:1;}"
"29092","2163","show_admin_bar_front","true"
"29091","2163","use_ssl","0"
"29090","2163","admin_color","fresh"
"29089","2163","comment_shortcuts","false"
"29088","2163","rich_editing","true"
"29087","2163","description","Student of Jessica Lessard."
"29086","2163","nickname","gscarano"
"29083","2162","jabber",""
"29085","2163","last_name","Scarano"
"29082","2162","yim",""
"29081","2162","aim",""
"29084","2163","first_name","Genna"
"29079","2162","hfst_user_level","0"
"29078","2162","hfst_capabilities","a:1:{s:10:""subscriber"";b:1;}"
"29077","2162","show_admin_bar_front","true"
"29076","2162","use_ssl","0"
"29075","2162","admin_color","fresh"
"29074","2162","comment_shortcuts","false"
"29073","2162","rich_editing","true"
"29072","2162","description",""
"29071","2162","nickname","Emma Tolkin"
"29070","2162","last_name",""
"29069","2162","first_name",""
"29155","2167","jabber",""
"30706","2296","default_password_nag","1"
"30704","2296","hfst_capabilities","a:1:{s:10:""subscriber"";b:1;}"
"30705","2296","hfst_user_level","0"
"30703","2296","show_admin_bar_front","true"
"30701","2296","admin_color","fresh"
"30702","2296","use_ssl","0"
"30700","2296","comment_shortcuts","false"
"30699","2296","rich_editing","true"
"29275","2177","default_password_nag","1"
"29266","2177","nickname","Vivian C."
"29267","2177","description",""
"29268","2177","rich_editing","true"
"29269","2177","comment_shortcuts","false"
"29270","2177","admin_color","fresh"
"29271","2177","use_ssl","0"
"29272","2177","show_admin_bar_front","true"
"29273","2177","hfst_capabilities","a:1:{s:10:""subscriber"";b:1;}"
"29274","2177","hfst_user_level","0"
"29265","2177","last_name",""
"29264","2177","first_name",""
"74124","5856","session_tokens","a:1:{s:64:""a4b67530a1013762ea3c8094a3602a9f3611d8ee4059260eaa1f9cb7712c6108"";a:4:{s:10:""expiration"";i:1454786384;s:2:""ip"";s:12:""64.195.0.117"";s:2:""ua"";s:108:""Mozilla/5.0 (Windows NT 6.1; WOW64) AppleWebKit/537.36 (KHTML, like Gecko) Chrome/48.0.2564.97 Safari/537.36"";s:5:""login"";i:1454613584;}}"
"73958","5851","aim",""
"73959","5851","yim",""
"30698","2296","description",""
"30697","2296","nickname","lesliearce"
"30632","2291","first_name",""
"30633","2291","last_name",""
"30634","2291","nickname","Nancy OConnell"
"30635","2291","description",""
"30636","2291","rich_editing","true"
"30637","2291","comment_shortcuts","false"
"30638","2291","admin_color","fresh"
"30639","2291","use_ssl","0"
"30640","2291","show_admin_bar_front","true"
"30641","2291","hfst_capabilities","a:1:{s:10:""subscriber"";b:1;}"
"30642","2291","hfst_user_level","0"
"30696","2296","last_name",""
"30644","2291","aim",""
"30645","2291","yim",""
"30646","2291","jabber",""
"31141","2332","jabber",""
"31129","2332","nickname","David Harrell"
"31128","2332","last_name",""
"31127","2332","first_name",""
"31782","2383","yim",""
"31783","2383","jabber",""
"31781","2383","aim",""
"30695","2296","first_name",""
"31140","2332","yim",""
"31138","2332","default_password_nag","1"
"31137","2332","hfst_user_level","0"
"31131","2332","rich_editing","true"
"31132","2332","comment_shortcuts","false"
"31133","2332","admin_color","fresh"
"31134","2332","use_ssl","0"
"31135","2332","show_admin_bar_front","true"
"31136","2332","hfst_capabilities","a:1:{s:10:""subscriber"";b:1;}"
"31139","2332","aim",""
"31130","2332","description","Student of Professor Stevens' ""History of the Book"" class"
"31755","2383","hfst_user_level","0"
"31754","2383","hfst_capabilities","a:1:{s:10:""subscriber"";b:1;}"
"31753","2383","show_admin_bar_front","true"
"31752","2383","use_ssl","0"
"31751","2383","admin_color","fresh"
"31750","2383","comment_shortcuts","false"
"31749","2383","rich_editing","true"
"31748","2383","description","Graphic designer and collector of early grammatical works"
"31747","2383","nickname","pkilpeHFS"
"31746","2383","last_name","K"
"31745","2383","first_name","Peter"
"31835","2383","dismissed_wp_pointers","wp330_toolbar"
"34347","2","first_name","Paul F."
"34348","2","last_name","Gehl"
"34349","2","description",""
"34350","2","use_ssl","0"
"34351","2","show_admin_bar_front","true"
"34352","2","aim",""
"34353","2","yim",""
"34354","2","jabber",""
"39313","3008","jabber",""
"39312","3008","yim",""
"39311","3008","aim",""
"39310","3008","default_password_nag",""
"39309","3008","hfst_user_level","0"
"39308","3008","hfst_capabilities","a:1:{s:10:""subscriber"";b:1;}"
"39307","3008","show_admin_bar_front","true"
"39306","3008","use_ssl","0"
"39305","3008","admin_color","fresh"
"39304","3008","comment_shortcuts","false"
"39303","3008","rich_editing","true"
"39302","3008","description","I'm a student of the history of conjuring and magic. I also collect early books on the subject."
"39301","3008","nickname","W. Kalush"
"39300","3008","last_name","Kalush"
"39299","3008","first_name","William"
"57416","4516","first_name","Iter"
"57417","4516","last_name","Community"
"57418","4516","nickname","Iter"
"57419","4516","description",""
"57420","4516","rich_editing","true"
"57421","4516","comment_shortcuts","false"
"57422","4516","admin_color","fresh"
"57423","4516","use_ssl","0"
"57424","4516","show_admin_bar_front","true"
"57425","4516","hfst_capabilities","a:1:{s:13:""administrator"";b:1;}"
"57426","4516","hfst_user_level","10"
"57427","4516","dismissed_wp_pointers","wp350_media,wp360_revisions,wp360_locks,wp390_widgets,wp496_privacy"
"57428","4516","hfst_dashboard_quick_press_last_post_id","1486"
"75264","5957","nickname","carmelo"
"75265","5957","first_name",""
"75266","5957","last_name",""
"75267","5957","description",""
"75268","5957","rich_editing","true"
"41448","1","jabber",""
"41447","1","yim",""
"41446","1","aim",""
"41445","1","show_admin_bar_front","true"
"41441","1","first_name",""
"41442","1","last_name",""
"41443","1","description",""
"41444","1","use_ssl","0"
"69627","5506","aim",""
"69626","5506","session_tokens","a:3:{s:64:""77d275483cc2b60d726e1201259792173d0d590d5f620c7a8ebeb47795a4ac65"";i:1426532141;s:64:""fe4aa594948fa480911aff80be8a589495597a1bdae1aa280a706fe28afd2ab6"";i:1426532166;s:64:""c1a5f3bb17c030c46be96d3498d512a8c2698f655a979a79e82cee80a753983d"";i:1426532358;}"
"69625","5506","default_password_nag",""
"69624","5506","signup_ip","71.77.77.67"
"69623","5506","hfst_user_level","0"
"67782","5","hfst_user-settings","posts_list_mode=list"
"69619","5506","admin_color","fresh"
"69618","5506","comment_shortcuts","false"
"69617","5506","rich_editing","true"
"69616","5506","description",""
"69615","5506","last_name","Brannon"
"68568","2","signup_ip","64.107.55.3"
"67927","4516","default_password_nag",""
"68457","5","signup_ip","205.178.2.45"
"69622","5506","hfst_capabilities","a:1:{s:10:""subscriber"";b:1;}"
"69620","5506","use_ssl","0"
"69621","5506","show_admin_bar_front","true"
"75312","2","session_tokens","a:1:{s:64:""6aecc5fa54736d58385076237f62517f680e143a2cc6fcb73037138623e4e4ba"";a:4:{s:10:""expiration"";i:1557672666;s:2:""ip"";s:14:""192.168.171.14"";s:2:""ua"";s:72:""Mozilla/5.0 (Windows NT 6.1; WOW64; rv:66.0) Gecko/20100101 Firefox/66.0"";s:5:""login"";i:1557499866;}}"
"68452","4516","managenav-menuscolumnshidden","a:4:{i:0;s:11:""link-target"";i:1;s:11:""css-classes"";i:2;s:3:""xfn"";i:3;s:11:""description"";}"
"68453","4516","metaboxhidden_nav-menus","a:2:{i:0;s:8:""add-post"";i:1;s:12:""add-post_tag"";}"
"68454","4516","signup_ip","142.104.132.205"
"68456","1","signup_ip","24.196.84.178"
"70908","4516","hfst_user-settings","posts_list_mode=list&editor=html"
"70281","4516","aim",""
"70282","4516","yim",""
"70283","4516","jabber",""
"69631","5506","hfst_user-settings-time","1426360866"
"69630","5506","hfst_user-settings","mfold=o"
"69628","5506","yim",""
"69629","5506","jabber",""
"69613","5506","nickname","Samuel Brannon"
"69614","5506","first_name","Samuel"
"70284","5555","nickname","mhiebert"
"70285","5555","first_name","Matt"
"70286","5555","last_name","Hiebert"
"70287","5555","description",""
"70288","5555","rich_editing","true"
"70289","5555","comment_shortcuts","false"
"70290","5555","admin_color","fresh"
"70291","5555","use_ssl","0"
"70292","5555","show_admin_bar_front","true"
"70293","5555","hfst_capabilities","a:1:{s:10:""subscriber"";b:1;}"
"70294","5555","hfst_user_level","0"
"70295","5555","signup_ip","134.87.165.155"
"70296","5555","dismissed_wp_pointers","wp360_locks,wp390_widgets"
"70297","5555","default_password_nag",""
"70298","5555","session_tokens","a:1:{s:64:""d5b4765f75085780e68601ee38a0d0952e7a64f88502f26f6fd531c8b940b9a4"";a:4:{s:10:""expiration"";i:1432312532;s:2:""ip"";s:14:""134.87.165.155"";s:2:""ua"";s:81:""Mozilla/5.0 (Macintosh; Intel Mac OS X 10.9; rv:36.0) Gecko/20100101 Firefox/36.0"";s:5:""login"";i:1432139732;}}"
"70299","5555","hfst_dashboard_quick_press_last_post_id","1507"
"70313","2383","default_password_nag",""
"70314","2383","session_tokens","a:1:{s:64:""22318d7b24fe8eccbef9f4ab628aea74e793663fe9a345f62b5f4b1aa255e379"";a:4:{s:10:""expiration"";i:1433810879;s:2:""ip"";s:13:""73.213.118.19"";s:2:""ua"";s:119:""Mozilla/5.0 (Macintosh; Intel Mac OS X 10_9_5) AppleWebKit/537.36 (KHTML, like Gecko) Chrome/43.0.2357.65 Safari/537.36"";s:5:""login"";i:1432601279;}}"
"70315","2383","signup_ip","73.213.118.19"
"74120","5864","show_admin_bar_front","true"
"74119","5864","use_ssl","0"
"70909","4516","hfst_user-settings-time","1452109193"
"74115","5864","description",""
"74116","5864","rich_editing","true"
"74117","5864","comment_shortcuts","false"
"74118","5864","admin_color","fresh"
"74314","5862","session_tokens","a:1:{s:64:""7cc767f54c06cd91afa63cc46ed33b579606e6d4b4177748ed5d4d9c63cfd0aa"";a:4:{s:10:""expiration"";i:1455386672;s:2:""ip"";s:14:""128.206.102.82"";s:2:""ua"";s:109:""Mozilla/5.0 (Windows NT 6.1; WOW64) AppleWebKit/537.36 (KHTML, like Gecko) Chrome/48.0.2564.109 Safari/537.36"";s:5:""login"";i:1455213872;}}"
"73916","5844","jabber",""
"73915","5844","yim",""
"73914","5844","aim",""
"73917","5850","nickname","atheer"
"73918","5850","first_name","Atheer"
"73919","5850","last_name","Almaghrabi"
"73920","5850","description",""
"73921","5850","rich_editing","true"
"73922","5850","comment_shortcuts","false"
"73909","5849","aim",""
"73910","5849","yim",""
"73911","5849","jabber",""
"73973","5852","session_tokens","a:2:{s:64:""e895be6a5b135eb0a7347d0d1e179c70b7b4f56fddd74ac85957c3f3b45ad30e"";a:4:{s:10:""expiration"";i:1454730262;s:2:""ip"";s:13:""64.195.22.243"";s:2:""ua"";s:81:""Mozilla/5.0 (Macintosh; Intel Mac OS X 10.9; rv:42.0) Gecko/20100101 Firefox/42.0"";s:5:""login"";i:1454557462;}s:64:""93dab3cab3ae5eaeffae707a8de683418870920c118bf43304f6b9c81cbce537"";a:4:{s:10:""expiration"";i:1454731427;s:2:""ip"";s:13:""64.195.22.243"";s:2:""ua"";s:81:""Mozilla/5.0 (Macintosh; Intel Mac OS X 10.9; rv:42.0) Gecko/20100101 Firefox/42.0"";s:5:""login"";i:1454558627;}}"
"74078","5861","admin_color","fresh"
"74077","5861","comment_shortcuts","false"
"74076","5861","rich_editing","true"
"74075","5861","description",""
"74074","5861","last_name",""
"74073","5861","first_name",""
"74072","5861","nickname","Lily"
"74059","5860","nickname","Hannah.M.Adair"
"74060","5860","first_name",""
"74061","5860","last_name",""
"74062","5860","description",""
"74063","5860","rich_editing","true"
"74064","5860","comment_shortcuts","false"
"74065","5860","admin_color","fresh"
"74066","5860","use_ssl","0"
"73894","5848","default_password_nag",""
"73895","5848","session_tokens","a:1:{s:64:""05d6d7ce9e48a18e2df7a4b09c1bf92a4689d023c9adcf0154ca5a79dc558b72"";a:4:{s:10:""expiration"";i:1454713989;s:2:""ip"";s:15:""161.130.188.167"";s:2:""ua"";s:116:""Mozilla/5.0 (Macintosh; Intel Mac OS X 10_11_2) AppleWebKit/601.3.9 (KHTML, like Gecko) Version/9.0.2 Safari/601.3.9"";s:5:""login"";i:1454541189;}}"
"73977","5854","nickname","juliaschaller"
"73978","5854","first_name",""
"73979","5854","last_name",""
"73980","5854","description",""
"73981","5854","rich_editing","true"
"73982","5854","comment_shortcuts","false"
"73983","5854","admin_color","fresh"
"73984","5854","use_ssl","0"
"73985","5854","show_admin_bar_front","true"
"73986","5854","hfst_capabilities","a:1:{s:10:""subscriber"";b:1;}"
"73987","5854","hfst_user_level","0"
"73988","5854","default_password_nag","1"
"73989","5855","nickname","juliaschaller4"
"73990","5855","first_name",""
"73991","5855","last_name",""
"73992","5855","description",""
"73993","5855","rich_editing","true"
"73994","5855","comment_shortcuts","false"
"73995","5855","admin_color","fresh"
"73996","5855","use_ssl","0"
"73997","5855","show_admin_bar_front","true"
"73998","5855","hfst_capabilities","a:1:{s:10:""subscriber"";b:1;}"
"73999","5855","hfst_user_level","0"
"74000","5855","default_password_nag","1"
"74001","5856","nickname","juliaschaller44"
"74002","5856","first_name","Julia"
"74003","5856","last_name","Schaller"
"74004","5856","description",""
"74005","5856","rich_editing","true"
"74006","5856","comment_shortcuts","false"
"74007","5856","admin_color","ocean"
"74008","5856","use_ssl","0"
"74009","5856","show_admin_bar_front","true"
"74010","5856","hfst_capabilities","a:1:{s:10:""subscriber"";b:1;}"
"74011","5856","hfst_user_level","0"
"74012","5856","default_password_nag",""
"74013","5857","nickname","Abdoul Seth Compaore"
"74014","5857","first_name",""
"74015","5857","last_name",""
"74016","5857","description",""
"74017","5857","rich_editing","true"
"74018","5857","comment_shortcuts","false"
"74019","5857","admin_color","fresh"
"74020","5857","use_ssl","0"
"74021","5857","show_admin_bar_front","true"
"74022","5857","hfst_capabilities","a:1:{s:10:""subscriber"";b:1;}"
"74023","5857","hfst_user_level","0"
"74024","5857","default_password_nag",""
"74026","5857","session_tokens","a:1:{s:64:""abd94cd683f5e52d52ea000bafd01ceb170099e0d520616fb9604113be220988"";a:4:{s:10:""expiration"";i:1454742643;s:2:""ip"";s:15:""161.130.167.227"";s:2:""ua"";s:127:""Mozilla/5.0 (Windows NT 10.0; Win64; x64) AppleWebKit/537.36 (KHTML, like Gecko) Chrome/46.0.2486.0 Safari/537.36 Edge/13.10586"";s:5:""login"";i:1454569843;}}"
"74027","5857","hfst_user-settings","mfold=f"
"74028","5857","hfst_user-settings-time","1454569839"
"74042","5859","nickname","Emily"
"74043","5859","first_name","Emily"
"74044","5859","last_name","C"
"74045","5859","description",""
"74046","5859","rich_editing","true"
"74047","5859","comment_shortcuts","false"
"74048","5859","admin_color","fresh"
"74049","5859","use_ssl","0"
"74050","5859","show_admin_bar_front","true"
"74051","5859","hfst_capabilities","a:1:{s:10:""subscriber"";b:1;}"
"74052","5859","hfst_user_level","0"
"74053","5859","default_password_nag",""
"74054","5859","session_tokens","a:1:{s:64:""1ac4748d1655fd5b92a912436571791d2b432477748ffe1a9c2b26f12dcf0bad"";a:4:{s:10:""expiration"";i:1454774793;s:2:""ip"";s:13:""173.23.216.54"";s:2:""ua"";s:124:""Mozilla/5.0 (iPad; CPU OS 9_1 like Mac OS X) AppleWebKit/601.1.46 (KHTML, like Gecko) Version/9.0 Mobile/13B143 Safari/601.1"";s:5:""login"";i:1454601993;}}"
"74055","5859","aim",""
"74056","5859","yim",""
"74057","5859","jabber",""
"74067","5860","show_admin_bar_front","true"
"74068","5860","hfst_capabilities","a:1:{s:10:""subscriber"";b:1;}"
"74069","5860","hfst_user_level","0"
"74070","5860","default_password_nag",""
"74071","5860","session_tokens","a:2:{s:64:""ca081d981ccd8a6a3ebe368c3a2e51e0a21d2b89aedaf2761dd51682326d2fc1"";a:4:{s:10:""expiration"";i:1454779034;s:2:""ip"";s:15:""128.206.150.199"";s:2:""ua"";s:109:""Mozilla/5.0 (Windows NT 6.3; WOW64) AppleWebKit/537.36 (KHTML, like Gecko) Chrome/48.0.2564.103 Safari/537.36"";s:5:""login"";i:1454606234;}s:64:""b9aad5197b84861551756c647d89b44d383c301d74bc21108ecba0ef9a089ca9"";a:4:{s:10:""expiration"";i:1454781433;s:2:""ip"";s:14:""128.206.148.78"";s:2:""ua"";s:109:""Mozilla/5.0 (Windows NT 6.3; WOW64) AppleWebKit/537.36 (KHTML, like Gecko) Chrome/48.0.2564.103 Safari/537.36"";s:5:""login"";i:1454608633;}}"
"75173","5951","nickname","JemyrMae"
"75174","5951","first_name",""
"75175","5951","last_name",""
"75176","5951","description",""
"75177","5951","rich_editing","true"
"75178","5951","comment_shortcuts","false"
"75179","5951","admin_color","fresh"
"75180","5951","use_ssl","0"
"75181","5951","show_admin_bar_front","true"
"75182","5951","hfst_capabilities","a:1:{s:10:""subscriber"";b:1;}"
"75183","5951","hfst_user_level","0"
"75184","5951","default_password_nag",""
"75185","5951","session_tokens","a:1:{s:64:""e99d0dc9c80339c09f77582db19417c9c2b8056c55b51e7306c0695fd616d6c5"";a:4:{s:10:""expiration"";i:1462158444;s:2:""ip"";s:12:""96.38.171.49"";s:2:""ua"";s:116:""Mozilla/5.0 (Macintosh; Intel Mac OS X 10_11_4) AppleWebKit/601.5.17 (KHTML, like Gecko) Version/9.1 Safari/601.5.17"";s:5:""login"";i:1461985644;}}"
"74131","5864","jabber",""
"74253","5875","nickname","LauraHenry"
"74129","5864","aim",""
"74130","5864","yim",""
"74254","5875","first_name",""
"74125","5856","aim",""
"74126","5856","yim",""
"74127","5856","jabber",""
"74128","5864","session_tokens","a:1:{s:64:""4d91dfb73b4af03310b6c3eda39aa9f6cb3d64b75c4bf3ececc251438fe219f5"";a:4:{s:10:""expiration"";i:1455330219;s:2:""ip"";s:13:""64.195.22.243"";s:2:""ua"";s:120:""Mozilla/5.0 (Macintosh; Intel Mac OS X 10_10_2) AppleWebKit/537.36 (KHTML, like Gecko) Chrome/48.0.2564.97 Safari/537.36"";s:5:""login"";i:1455157419;}}"
"74258","5875","comment_shortcuts","false"
"74259","5875","admin_color","fresh"
"74260","5875","use_ssl","0"
"74261","5875","show_admin_bar_front","true"
"74262","5875","hfst_capabilities","a:1:{s:10:""subscriber"";b:1;}"
"74263","5875","hfst_user_level","0"
"74264","5875","default_password_nag",""
"74265","5875","session_tokens","a:1:{s:64:""081d717be75dd0dea1b696653d8876531c3fd2b4c49033ed5aad1188ca9200d0"";a:4:{s:10:""expiration"";i:1456203769;s:2:""ip"";s:14:""216.106.54.127"";s:2:""ua"";s:108:""Mozilla/5.0 (Windows NT 6.1; WOW64) AppleWebKit/537.36 (KHTML, like Gecko) Chrome/48.0.2564.97 Safari/537.36"";s:5:""login"";i:1454994169;}}"
"74083","5861","default_password_nag",""
"74082","5861","hfst_user_level","0"
"74079","5861","use_ssl","0"
"74080","5861","show_admin_bar_front","true"
"74081","5861","hfst_capabilities","a:1:{s:10:""subscriber"";b:1;}"
"73954","5852","hfst_capabilities","a:1:{s:10:""subscriber"";b:1;}"
"73571","5823","nickname","William Bowen"
"73572","5823","first_name","William"
"73573","5823","last_name","Bowen"
"73574","5823","description",""
"73575","5823","rich_editing","true"
"73576","5823","comment_shortcuts","false"
"73577","5823","admin_color","fresh"
"73578","5823","use_ssl","0"
"73579","5823","show_admin_bar_front","true"
"73580","5823","hfst_capabilities","a:1:{s:10:""subscriber"";b:1;}"
"73581","5823","hfst_user_level","0"
"73582","5823","dismissed_wp_pointers",""
"73953","5852","show_admin_bar_front","true"
"73952","5852","use_ssl","0"
"73951","5852","admin_color","blue"
"73950","5852","comment_shortcuts","false"
"73949","5852","rich_editing","true"
"73948","5852","description",""
"73947","5852","last_name","Ruck"
"73933","5851","nickname","atheerr"
"73934","5851","first_name",""
"73935","5851","last_name",""
"73936","5851","description",""
"73930","5850","aim",""
"73931","5850","yim",""
"73932","5850","jabber",""
"73937","5851","rich_editing","true"
"73938","5851","comment_shortcuts","false"
"73939","5851","admin_color","fresh"
"73940","5851","use_ssl","0"
"73941","5851","show_admin_bar_front","true"
"73942","5851","hfst_capabilities","a:1:{s:10:""subscriber"";b:1;}"
"73943","5851","hfst_user_level","0"
"73944","5851","default_password_nag",""
"73945","5852","nickname","serd67"
"73946","5852","first_name","Stephanie"
"74255","5875","last_name",""
"74256","5875","description",""
"74257","5875","rich_editing","true"
"73812","5843","nickname","Elizabeth Okafor"
"73813","5843","first_name","Elizabeth"
"73814","5843","last_name","Okafor"
"73815","5843","description",""
"75218","4516","session_tokens","a:1:{s:64:""de56e6156b3528988645ee121181b35f514c26638c4ad8e31adf84e6266a2266"";a:4:{s:10:""expiration"";i:1563561279;s:2:""ip"";s:14:""192.168.171.14"";s:2:""ua"";s:82:""Mozilla/5.0 (Macintosh; Intel Mac OS X 10.14; rv:68.0) Gecko/20100101 Firefox/68.0"";s:5:""login"";i:1563388479;}}"
"72489","5733","first_name",""
"72490","5733","last_name",""
"72491","5733","description",""
"72492","5733","rich_editing","true"
"72493","5733","comment_shortcuts","false"
"72494","5733","admin_color","fresh"
"72495","5733","use_ssl","0"
"72496","5733","show_admin_bar_front","true"
"72497","5733","hfst_capabilities","a:1:{s:10:""subscriber"";b:1;}"
"72498","5733","hfst_user_level","0"
"72499","5733","default_password_nag","1"
"75135","5948","nickname","reguser"
"75136","5948","first_name","Shawn"
"75137","5948","last_name","DeWolfe"
"75138","5948","description",""
"75139","5948","rich_editing","true"
"75140","5948","comment_shortcuts","false"
"75141","5948","admin_color","fresh"
"75142","5948","use_ssl","0"
"75143","5948","show_admin_bar_front","true"
"75144","5948","hfst_capabilities","a:1:{s:10:""subscriber"";b:1;}"
"75145","5948","hfst_user_level","0"
"75146","5948","dismissed_wp_pointers",""
"73905","5849","hfst_capabilities","a:1:{s:10:""subscriber"";b:1;}"
"73906","5849","hfst_user_level","0"
"73902","5849","admin_color","fresh"
"73903","5849","use_ssl","0"
"73904","5849","show_admin_bar_front","true"
"73899","5849","description",""
"73900","5849","rich_editing","true"
"73901","5849","comment_shortcuts","false"
"74112","5864","nickname","Lkaxw6"
"73898","5849","last_name","Anderson"
"73897","5849","first_name","Paige"
"73896","5849","nickname","paigeanderson"
"73871","5847","nickname","amg3m8"
"73872","5847","first_name",""
"73873","5847","last_name",""
"73874","5847","description",""
"73875","5847","rich_editing","true"
"73876","5847","comment_shortcuts","false"
"73877","5847","admin_color","fresh"
"73878","5847","use_ssl","0"
"73879","5847","show_admin_bar_front","true"
"73880","5847","hfst_capabilities","a:1:{s:10:""subscriber"";b:1;}"
"73881","5847","hfst_user_level","0"
"73882","5847","default_password_nag","1"
"73883","5848","nickname","Alissa"
"73884","5848","first_name",""
"73885","5848","last_name",""
"73886","5848","description",""
"73887","5848","rich_editing","true"
"73888","5848","comment_shortcuts","false"
"73889","5848","admin_color","fresh"
"73890","5848","use_ssl","0"
"73891","5848","show_admin_bar_front","true"
"73892","5848","hfst_capabilities","a:1:{s:10:""subscriber"";b:1;}"
"73893","5848","hfst_user_level","0"
"73816","5843","rich_editing","true"
"73817","5843","comment_shortcuts","false"
"73818","5843","admin_color","sunrise"
"73819","5843","use_ssl","0"
"73820","5843","show_admin_bar_front","true"
"73821","5843","hfst_capabilities","a:1:{s:10:""subscriber"";b:1;}"
"73822","5843","hfst_user_level","0"
"73823","5843","default_password_nag",""
"73824","5843","session_tokens","a:1:{s:64:""e74317ae401817db9446b124ba3ef41640f2d5f92e06a80c5fe9822a81d5441c"";a:4:{s:10:""expiration"";i:1454642756;s:2:""ip"";s:14:""161.130.188.92"";s:2:""ua"";s:116:""Mozilla/5.0 (Macintosh; Intel Mac OS X 10_10_5) AppleWebKit/601.3.9 (KHTML, like Gecko) Version/9.0.2 Safari/601.3.9"";s:5:""login"";i:1454469956;}}"
"73825","5843","aim",""
"73826","5843","yim",""
"73827","5843","jabber",""
"73828","5844","nickname","Elizabeth"
"73829","5844","first_name","Elizabeth"
"73830","5844","last_name","Arnold"
"73831","5844","description",""
"73832","5844","rich_editing","true"
"73833","5844","comment_shortcuts","false"
"73834","5844","admin_color","sunrise"
"73835","5844","use_ssl","0"
"73836","5844","show_admin_bar_front","true"
"73837","5844","hfst_capabilities","a:1:{s:10:""subscriber"";b:1;}"
"73838","5844","hfst_user_level","0"
"73839","5844","default_password_nag",""
"73840","5844","session_tokens","a:2:{s:64:""424f5c9594ce94f1681433e3b26c0b57684c08a97d8397cdc2b012269be2b0c0"";a:4:{s:10:""expiration"";i:1454691620;s:2:""ip"";s:14:""161.130.188.51"";s:2:""ua"";s:121:""Mozilla/5.0 (Macintosh; Intel Mac OS X 10_10_5) AppleWebKit/537.36 (KHTML, like Gecko) Chrome/47.0.2526.111 Safari/537.36"";s:5:""login"";i:1454518820;}s:64:""faafc8b8457da8a18a7d03f3c72d66666d35cd4cf4fc16571ec40f909d21f0c9"";a:4:{s:10:""expiration"";i:1454719944;s:2:""ip"";s:14:""167.160.128.26"";s:2:""ua"";s:82:""Mozilla/5.0 (Macintosh; Intel Mac OS X 10.10; rv:36.0) Gecko/20100101 Firefox/36.0"";s:5:""login"";i:1454547144;}}"
"74090","5862","comment_shortcuts","false"
"74089","5862","rich_editing","true"
"74088","5862","description",""
"74087","5862","last_name",""
"74086","5862","first_name",""
"74085","5862","nickname","KhalildRahman"
"74084","5861","session_tokens","a:1:{s:64:""1e8ff6c68a54f0c58f4e257082f6a7f9c40ef57641a8c7dd2f27cd5f22ce1e1f"";a:4:{s:10:""expiration"";i:1455818278;s:2:""ip"";s:13:""97.64.215.195"";s:2:""ua"";s:119:""Mozilla/5.0 (Macintosh; Intel Mac OS X 10_9_5) AppleWebKit/537.36 (KHTML, like Gecko) Chrome/48.0.2564.97 Safari/537.36"";s:5:""login"";i:1454608678;}}"
"73960","5851","jabber",""
"73957","5851","session_tokens","a:2:{s:64:""03e71d23fb27655217f766b931c4851c7db83d480a037a411ff81659713c847b"";a:4:{s:10:""expiration"";i:1454728971;s:2:""ip"";s:15:""209.142.181.234"";s:2:""ua"";s:132:""Mozilla/5.0 (iPhone; CPU iPhone OS 9_2 like Mac OS X) AppleWebKit/601.1.46 (KHTML, like Gecko) Version/9.0 Mobile/13C75 Safari/601.1"";s:5:""login"";i:1454556171;}s:64:""8a1ea965122b423e7037d58aaaba1998248e9cd7e9630f07e2f8e0f1a78b1f09"";a:4:{s:10:""expiration"";i:1454787869;s:2:""ip"";s:14:""161.130.188.46"";s:2:""ua"";s:132:""Mozilla/5.0 (iPhone; CPU iPhone OS 9_2 like Mac OS X) AppleWebKit/601.1.46 (KHTML, like Gecko) Version/9.0 Mobile/13C75 Safari/601.1"";s:5:""login"";i:1454615069;}}"
"73956","5852","default_password_nag",""
"73955","5852","hfst_user_level","0"
"73855","5845","yim",""
"73856","5845","jabber",""
"73854","5845","aim",""
"73841","5845","nickname","cmoghadam"
"73842","5845","first_name","Chantelle"
"73843","5845","last_name","Moghadam"
"73844","5845","description",""
"73845","5845","rich_editing","true"
"73846","5845","comment_shortcuts","false"
"73847","5845","admin_color","fresh"
"73848","5845","use_ssl","0"
"73849","5845","show_admin_bar_front","true"
"73850","5845","hfst_capabilities","a:1:{s:10:""subscriber"";b:1;}"
"73851","5845","hfst_user_level","0"
"73852","5845","default_password_nag",""
"73853","5845","session_tokens","a:2:{s:64:""f74a8305eb2a6a038e47feebfbc625264011f69126b1b6776d8f86eeeb22bd6b"";a:4:{s:10:""expiration"";i:1454694090;s:2:""ip"";s:14:""162.104.213.12"";s:2:""ua"";s:120:""Mozilla/5.0 (Macintosh; Intel Mac OS X 10_11_3) AppleWebKit/537.36 (KHTML, like Gecko) Chrome/48.0.2564.97 Safari/537.36"";s:5:""login"";i:1454521290;}s:64:""425701ed3cb6e5147608f26b3c6c2d95138842ee1fbca49501455eb36ca0069f"";a:4:{s:10:""expiration"";i:1454694143;s:2:""ip"";s:14:""162.104.213.12"";s:2:""ua"";s:120:""Mozilla/5.0 (Macintosh; Intel Mac OS X 10_11_3) AppleWebKit/537.36 (KHTML, like Gecko) Chrome/48.0.2564.97 Safari/537.36"";s:5:""login"";i:1454521343;}}"
"73976","5852","jabber",""
"73974","5852","aim",""
"73975","5852","yim",""
"73929","5850","session_tokens","a:1:{s:64:""8e82de4b3129ba17ff35454676a0316fb80414ae381c841f996e5dc8eba55ba8"";a:4:{s:10:""expiration"";i:1454728269;s:2:""ip"";s:15:""209.142.181.234"";s:2:""ua"";s:132:""Mozilla/5.0 (iPhone; CPU iPhone OS 9_2 like Mac OS X) AppleWebKit/601.1.46 (KHTML, like Gecko) Version/9.0 Mobile/13C75 Safari/601.1"";s:5:""login"";i:1454555469;}}"
"73928","5850","default_password_nag",""
"73927","5850","hfst_user_level","0"
"73926","5850","hfst_capabilities","a:1:{s:10:""subscriber"";b:1;}"
"73908","5849","session_tokens","a:2:{s:64:""c1d64ab2962c63051ae833708dbcf5e5cbf10ea8da35678a36993ec637fb0163"";a:4:{s:10:""expiration"";i:1454716578;s:2:""ip"";s:15:""161.130.188.142"";s:2:""ua"";s:116:""Mozilla/5.0 (Macintosh; Intel Mac OS X 10_10_5) AppleWebKit/600.8.9 (KHTML, like Gecko) Version/8.0.8 Safari/600.8.9"";s:5:""login"";i:1454543778;}s:64:""48fbb1b6e2508e1ed0fb92aa0c051e1c01c020467dd02ffbcb7f98b88861e442"";a:4:{s:10:""expiration"";i:1455753465;s:2:""ip"";s:15:""161.130.188.142"";s:2:""ua"";s:116:""Mozilla/5.0 (Macintosh; Intel Mac OS X 10_10_5) AppleWebKit/600.8.9 (KHTML, like Gecko) Version/8.0.8 Safari/600.8.9"";s:5:""login"";i:1454543865;}}"
"74121","5864","hfst_capabilities","a:1:{s:10:""subscriber"";b:1;}"
"74122","5864","hfst_user_level","0"
"74123","5864","default_password_nag",""
"72488","5733","nickname","brianr"
"75249","1","session_tokens","a:1:{s:64:""fb9b67fd9e901d4dade688268dbc53203c5d0530cc5579786fe431b9e36faf4f"";a:4:{s:10:""expiration"";i:1522267886;s:2:""ip"";s:12:""205.178.2.45"";s:2:""ua"";s:77:""Mozilla/5.0 (Windows NT 6.1; Win64; x64; rv:59.0) Gecko/20100101 Firefox/59.0"";s:5:""login"";i:1522095086;}}"
"75255","5956","comment_shortcuts","false"
"75256","5956","admin_color","fresh"
"75257","5956","use_ssl","0"
"75258","5956","show_admin_bar_front","true"
"75250","5956","nickname","Alessandro Tedesco"
"75251","5956","first_name",""
"75252","5956","last_name",""
"75253","5956","description",""
"75254","5956","rich_editing","true"
"75259","5956","locale",""
"75260","5956","hfst_capabilities","a:1:{s:10:""subscriber"";b:1;}"
"75261","5956","hfst_user_level","0"
"75262","5956","default_password_nag",""
"75263","5956","session_tokens","a:1:{s:64:""0abe2d898f768115217b98982c16c1c3d1f316dc27430173914af9c497fd914d"";a:4:{s:10:""expiration"";i:1496909986;s:2:""ip"";s:14:""185.11.153.228"";s:2:""ua"";s:109:""Mozilla/5.0 (Windows NT 10.0; WOW64) AppleWebKit/537.36 (KHTML, like Gecko) Chrome/56.0.2924.87 Safari/537.36"";s:5:""login"";i:1496737186;}}"
"75272","5957","show_admin_bar_front","true"
"75273","5957","locale",""
"75274","5957","hfst_capabilities","a:1:{s:10:""subscriber"";b:1;}"
"75275","5957","hfst_user_level","0"
"75276","5957","default_password_nag","1"
"75269","5957","comment_shortcuts","false"
"75270","5957","admin_color","fresh"
"75271","5957","use_ssl","0"
"75282","5958","nickname","terihack18193"
"75283","5958","first_name",""
"75284","5958","last_name",""
"75285","5958","description",""
"75278","5","community-events-location","a:1:{s:2:""ip"";s:12:""71.194.204.0"";}"
"75279","2","community-events-location","a:1:{s:2:""ip"";s:11:""64.107.55.0"";}"
"75280","4516","community-events-location","a:1:{s:2:""ip"";s:11:""142.104.3.0"";}"
"75286","5958","rich_editing","true"
"75287","5958","syntax_highlighting","true"
"75288","5958","comment_shortcuts","false"
"75289","5958","admin_color","fresh"
"75290","5958","use_ssl","0"
"75291","5958","show_admin_bar_front","true"
"75292","5958","locale",""
"75293","5958","hfst_capabilities","a:1:{s:10:""subscriber"";b:1;}"
"75294","5958","hfst_user_level","0"
"75295","5958","default_password_nag","1"
"75296","5959","nickname","Monique"
"75297","5959","first_name",""
"75298","5959","last_name",""
"75299","5959","description",""
"75300","5959","rich_editing","true"
"75301","5959","syntax_highlighting","true"
"75302","5959","comment_shortcuts","false"
"75303","5959","admin_color","fresh"
"75304","5959","use_ssl","0"
"75305","5959","show_admin_bar_front","true"
"75306","5959","locale",""
"75307","5959","hfst_capabilities","a:1:{s:10:""subscriber"";b:1;}"
"75308","5959","hfst_user_level","0"
"75309","5959","default_password_nag",""
"75310","5959","session_tokens","a:1:{s:64:""a014c997256c7470da044818a4213d23bfed3c9f18c7ffe011419ca9da13f16c"";a:4:{s:10:""expiration"";i:1538162046;s:2:""ip"";s:13:""84.82.161.158"";s:2:""ua"";s:126:""Mozilla/5.0 (iPad; CPU OS 12_0 like Mac OS X) AppleWebKit/605.1.15 (KHTML, like Gecko) Version/12.0 Mobile/15E148 Safari/604.1"";s:5:""login"";i:1537989246;}}"
"75311","5959","community-events-location","a:1:{s:2:""ip"";s:11:""84.82.161.0"";}"
"75313","5960","nickname","akinskey"
"75314","5960","first_name",""
"75315","5960","last_name",""
"75316","5960","description",""
"75317","5960","rich_editing","true"
"75318","5960","syntax_highlighting","true"
"75319","5960","comment_shortcuts","false"
"75320","5960","admin_color","fresh"
"75321","5960","use_ssl","0"
"75322","5960","show_admin_bar_front","true"
"75323","5960","locale",""
"75324","5960","hfst_capabilities","a:1:{s:10:""subscriber"";b:1;}"
"75325","5960","hfst_user_level","0"
"75326","5960","default_password_nag",""
"75327","5960","session_tokens","a:1:{s:64:""bd341b3d6f569dd61fa83cd292fad157db9f8a7ca2f0b71259e753a45f322a62"";a:4:{s:10:""expiration"";i:1539379719;s:2:""ip"";s:14:""24.209.180.218"";s:2:""ua"";s:115:""Mozilla/5.0 (Windows NT 10.0; Win64; x64) AppleWebKit/537.36 (KHTML, like Gecko) Chrome/69.0.3497.100 Safari/537.36"";s:5:""login"";i:1539206919;}}"
"75328","5961","nickname","knewman"
"75329","5961","first_name",""
"75330","5961","last_name",""
"75331","5961","description",""
"75332","5961","rich_editing","true"
"75333","5961","syntax_highlighting","true"
"75334","5961","comment_shortcuts","false"
"75335","5961","admin_color","fresh"
"75336","5961","use_ssl","0"
"75337","5961","show_admin_bar_front","true"
"75338","5961","locale",""
"75339","5961","hfst_capabilities","a:1:{s:10:""subscriber"";b:1;}"
"75340","5961","hfst_user_level","0"
"75341","5961","default_password_nag",""
"75342","5961","session_tokens","a:3:{s:64:""cdd67eb4b5f7614f03f97902ce756f7bae6db416829e8ce8b443ffeb68716a0a"";a:4:{s:10:""expiration"";i:1540434999;s:2:""ip"";s:12:""147.126.81.6"";s:2:""ua"";s:115:""Mozilla/5.0 (Windows NT 10.0; Win64; x64) AppleWebKit/537.36 (KHTML, like Gecko) Chrome/69.0.3497.100 Safari/537.36"";s:5:""login"";i:1539225399;}s:64:""164f1fba04d55fa6ae79fead3f478aa1cb7e0066ce4c1c9b2cb04596e97e6a5a"";a:4:{s:10:""expiration"";i:1539398222;s:2:""ip"";s:12:""147.126.81.6"";s:2:""ua"";s:115:""Mozilla/5.0 (Windows NT 10.0; Win64; x64) AppleWebKit/537.36 (KHTML, like Gecko) Chrome/69.0.3497.100 Safari/537.36"";s:5:""login"";i:1539225422;}s:64:""461f5915e51f949065b88d7cc79bea250bfe35123254e058b543796d6230d670"";a:4:{s:10:""expiration"";i:1540482558;s:2:""ip"";s:12:""147.126.81.6"";s:2:""ua"";s:137:""Mozilla/5.0 (Linux; Android 8.0.0; SM-G935V Build/R16NW) AppleWebKit/537.36 (KHTML, like Gecko) Chrome/69.0.3497.100 Mobile Safari/537.36"";s:5:""login"";i:1539272958;}}"
"75343","5962","nickname","RStraple"
"75344","5962","first_name",""
"75345","5962","last_name",""
"75346","5962","description",""
"75347","5962","rich_editing","true"
"75348","5962","syntax_highlighting","true"
"75349","5962","comment_shortcuts","false"
"75350","5962","admin_color","fresh"
"75351","5962","use_ssl","0"
"75352","5962","show_admin_bar_front","true"
"75353","5962","locale",""
"75354","5962","hfst_capabilities","a:1:{s:10:""subscriber"";b:1;}"
"75355","5962","hfst_user_level","0"
"75356","5962","default_password_nag","1"
"75357","5","session_tokens","a:1:{s:64:""3c0de4997fbed9be6d8107a0cd4c5c24eec143697d568b4b9bf3faa2d57203ba"";a:4:{s:10:""expiration"";i:1561895756;s:2:""ip"";s:14:""192.168.171.14"";s:2:""ua"";s:77:""Mozilla/5.0 (Windows NT 6.1; Win64; x64; rv:67.0) Gecko/20100101 Firefox/67.0"";s:5:""login"";i:1561722956;}}"
"75358","5963","nickname","amain270"
"75359","5963","first_name",""
"75360","5963","last_name",""
"75361","5963","description",""
"75362","5963","rich_editing","true"
"75363","5963","syntax_highlighting","true"
"75364","5963","comment_shortcuts","false"
"75365","5963","admin_color","fresh"
"75366","5963","use_ssl","0"
"75367","5963","show_admin_bar_front","true"
"75368","5963","locale",""
"75369","5963","hfst_capabilities","a:1:{s:10:""subscriber"";b:1;}"
"75370","5963","hfst_user_level","0"
"75371","5963","default_password_nag",""
"75372","5963","session_tokens","a:1:{s:64:""300336f091fd3d3a39cb4d5bd979f535fde9e48351cd6a26ddaee0d4513ea180"";a:4:{s:10:""expiration"";i:1540490668;s:2:""ip"";s:11:""64.107.55.6"";s:2:""ua"";s:66:""Mozilla/5.0 (Windows NT 10.0; rv:62.0) Gecko/20100101 Firefox/62.0"";s:5:""login"";i:1539281068;}}"
"75373","5964","nickname","Anna Grau"
"75374","5964","first_name",""
"75375","5964","last_name",""
"75376","5964","description",""
"75377","5964","rich_editing","true"
"75378","5964","syntax_highlighting","true"
"75379","5964","comment_shortcuts","false"
"75380","5964","admin_color","fresh"
"75381","5964","use_ssl","0"
"75382","5964","show_admin_bar_front","true"
"75383","5964","locale",""
"75384","5964","hfst_capabilities","a:1:{s:10:""subscriber"";b:1;}"
"75385","5964","hfst_user_level","0"
"75386","5964","default_password_nag",""
"75387","5964","session_tokens","a:2:{s:64:""f5c8880e87af2de60df2f723b2079ba233d97b0d90fda7b8371c74b55457ad55"";a:4:{s:10:""expiration"";i:1539454611;s:2:""ip"";s:11:""64.107.55.6"";s:2:""ua"";s:121:""Mozilla/5.0 (Macintosh; Intel Mac OS X 10_10_5) AppleWebKit/537.36 (KHTML, like Gecko) Chrome/69.0.3497.100 Safari/537.36"";s:5:""login"";i:1539281811;}s:64:""56983969b68ff2968eac77703a01054ba3312650f7ec578cf3874a2b103806db"";a:4:{s:10:""expiration"";i:1539455593;s:2:""ip"";s:11:""64.107.55.6"";s:2:""ua"";s:147:""Mozilla/5.0 (Linux; Android 5.1.1; KFSUWI Build/LVY48F) AppleWebKit/537.36 (KHTML, like Gecko) Silk/69.3.33 like Chrome/69.0.3497.100 Safari/537.36"";s:5:""login"";i:1539282793;}}"
"75388","5965","nickname","K.A. Tuley"
"75389","5965","first_name",""
"75390","5965","last_name",""
"75391","5965","description",""
"75392","5965","rich_editing","true"
"75393","5965","syntax_highlighting","true"
"75394","5965","comment_shortcuts","false"
"75395","5965","admin_color","fresh"
"75396","5965","use_ssl","0"
"75397","5965","show_admin_bar_front","true"
"75398","5965","locale",""
"75399","5965","hfst_capabilities","a:1:{s:10:""subscriber"";b:1;}"
"75400","5965","hfst_user_level","0"
"75401","5965","default_password_nag","1"
"75402","4516","meta-box-order_dashboard","a:4:{s:6:""normal"";s:37:""dashboard_php_nag,dashboard_right_now"";s:4:""side"";s:39:""dashboard_quick_press,dashboard_primary"";s:7:""column3"";s:18:""dashboard_activity"";s:7:""column4"";s:32:""wordfence_activity_report_widget"";}"
"75403","5966","nickname","ezrdebra8739"
"75404","5966","first_name",""
"75405","5966","last_name",""
"75406","5966","description",""
"75407","5966","rich_editing","true"
"75408","5966","syntax_highlighting","true"
"75409","5966","comment_shortcuts","false"
"75410","5966","admin_color","fresh"
"75411","5966","use_ssl","0"
"75412","5966","show_admin_bar_front","true"
"75413","5966","locale",""
"75414","5966","hfst_capabilities","a:1:{s:10:""subscriber"";b:1;}"
"75415","5966","hfst_user_level","0"
"75416","5966","default_password_nag","1"
"75417","22","first_name",""
"75418","22","last_name",""
"75419","22","description",""
"75420","22","syntax_highlighting","true"
"75421","22","use_ssl","0"
"75422","22","show_admin_bar_front","true"
"75423","22","locale",""
"75424","22","aim",""
"75425","22","yim",""
"75426","22","jabber",""
"75427","5555","syntax_highlighting","true"
"75428","5555","locale",""
"75429","5555","aim",""
"75430","5555","yim",""
"75431","5555","jabber",""
"75432","1","syntax_highlighting","true"
"75433","1","locale",""
"75434","5","syntax_highlighting","true"
"75435","5","locale",""
"75436","5823","syntax_highlighting","true"
"75437","5823","locale",""
"75438","5823","aim",""
"75439","5823","yim",""
"75440","5823","jabber",""
"75443","4516","wfls-last-login","1563388479"
"75442","4516","wfls-last-captcha-score",""
"75446","5","wfls-last-login","1561722956"
"75445","5","wfls-last-captcha-score",""
